URL,id,openDoarId,name,Russell_member,RSE_group,email,uri,uni_sld,homepageUrl,source,ris_software,ris_software_enum,metadataFormat,createdDate,location,logo,type,stats,contains_software_set,Num_sw_records,Error,Manual_Num_sw_records,Category,Notes
www.repository.cam.ac.uk/oai/request,27,,Apollo,yes,yes,support@repository.cam.ac.uk,,cam,https://www.repository.cam.ac.uk,,dspace,dspace,oai_dc,2011-05-13T09:01:27+01:00,"{'countryCode': 'gb', 'latitude': 52.208, 'longitude': 0.122374}",https://api.core.ac.uk/data-providers/27/logo,REPOSITORY,,No,0,No error,45,Contains software,"several sets, all under different names.  Metadata for records includes dc:type software"
era.ed.ac.uk/dspace-oai/request,39,463,Edinburgh Research Archive,yes,yes,scholcomms@ed.ac.uk,,ed,https://era.ed.ac.uk/,,dspace,dspace,oai_dc,2011-05-13T09:01:31+01:00,"{'countryCode': 'gb', 'latitude': 55.95, 'longitude': -3.2}",https://api.core.ac.uk/data-providers/39/logo,REPOSITORY,,No,0,No error,0,No direct software search capability,
ore.exeter.ac.uk/oai/request,504,956,Open Research Exeter,yes,yes,openaccess@exeter.ac.uk,,exeter,https://ore.exeter.ac.uk,,dspace,dspace,oai_dc,2013-08-06T15:50:15+01:00,"{'countryCode': 'GB', 'latitude': 50.736, 'longitude': -3.5357}",https://api.core.ac.uk/data-providers/504/logo,REPOSITORY,,No,0,No error,23,Contains software,https://ore.exeter.ac.uk/repository/browse?type=type&value=Software
spiral.imperial.ac.uk/dspace-oai/request,105,1032,Spiral - Imperial College Digital Repository,yes,yes,j.murtagh@imperial.ac.uk,,imperial,http://spiral.imperial.ac.uk,,dspace,dspace,oai_dc,2011-05-14T10:46:34+01:00,"{'countryCode': 'GB', 'latitude': 51.488, 'longitude': -0.172}",https://api.core.ac.uk/data-providers/105/logo,REPOSITORY,,No,0,BadVerbError,286,Contains software,Manual search for type contains �software�
rdmc.nottingham.ac.uk/oai/openaire,13343,,Nottingham Research Data Management Repository (University of Nottingham),yes,yes,,,nottingham,https://rdmc.nottingham.ac.uk,,DSpace XOAI,dspace,oai_dc,2019-09-23T00:00:00+01:00,"{'countryCode': 'GB', 'latitude': 52.938636, 'longitude': -1.195158}",https://api.core.ac.uk/data-providers/13343/logo,REPOSITORY,,No,0,No error,0,No direct software search capability,"Does actually contain software (even has a metadata uon.type which is free text), but you can�t directly search for it."
ota.bodleian.ox.ac.uk/repository/oai/request,618,2807,Oxford Text Archive,yes,yes,,,ox,https://ota.bodleian.ox.ac.uk/repository/xmlui/,,dspace,dspace,oai_dc,2013-11-19T12:58:00+00:00,"{'countryCode': 'GB', 'latitude': 51.7466, 'longitude': -1.2709}",https://api.core.ac.uk/data-providers/618/logo,REPOSITORY,,No,0,No error,0,No direct software search capability,https://ora.ox.ac.uk/?utf8=%E2%9C%93&q=&search_field=all_fields for website search
qmro.qmul.ac.uk/oai/request,619,2185,Queen Mary Research Online,yes,yes,scholarlycommunications@qmul.ac.uk,,qmul,https://qmro.qmul.ac.uk,,dspace,dspace,oai_dc,2013-11-19T12:58:03+00:00,"{'countryCode': 'GB', 'latitude': 51.5238, 'longitude': 0.0399}",https://api.core.ac.uk/data-providers/619/logo,REPOSITORY,,No,0,No error,0,No direct software search capability,
research-repository.st-andrews.ac.uk/dspace-oai/request,95,901,St Andrews Research Repository,no,yes,open-access-support@st-andrews.ac.uk,,st-andrews,http://research-repository.st-andrews.ac.uk,,dspace,dspace,oai_dc,2011-07-07T16:11:00+01:00,"{'countryCode': 'GB', 'latitude': 56.34214, 'longitude': -2.79637}",https://api.core.ac.uk/data-providers/95/logo,REPOSITORY,,No,0,No error,0,No direct software search capability,
cronfa.swan.ac.uk/OAI/Server,24,1590,Cronfa at Swansea University,no,yes,iss-research@swansea.ac.uk,,swan,https://cronfa.swan.ac.uk,,dspace,dspace,oai_dc,2011-05-12T20:43:57+01:00,"{'countryCode': 'GB', 'latitude': 51.608, 'longitude': -4.0628}",https://api.core.ac.uk/data-providers/24/logo,REPOSITORY,,No,50407,No error,0,Does not contain software,Search type is computer program
aura.abdn.ac.uk/dspace-oai/request,1,1767,Aberdeen University Research Archive,no,no,aura.deposit@abdn.ac.uk,,abdn,http://aura.abdn.ac.uk,,dspace,dspace,oai_dc,2011-05-06T00:00:00+01:00,"{'countryCode': 'GB', 'latitude': 57.165, 'longitude': -2.0991}",https://api.core.ac.uk/data-providers/1/logo,REPOSITORY,,No,0,No error,0,No direct software search capability,
research.bangor.ac.uk/ws/oai,28,1523,Bangor University Research Portal,no,no,repository@bangor.ac.uk,,bangor,https://research.bangor.ac.uk/portal/en/researchoutputs,,dspace,dspace,oai_dc,2011-05-13T08:41:29+01:00,"{'countryCode': 'GB', 'latitude': 53.2185, 'longitude': -4.1546}",https://api.core.ac.uk/data-providers/28/logo,REPOSITORY,,No,0,Bad Argument Error,8,Contains software,
bradscholars.brad.ac.uk/dspace-oai/request,10,1460,Bradford Scholars,no,no,repository@bradford.ac.uk,,brad/,https://bradscholars.brad.ac.uk,,dspace,dspace,oai_dc,2011-05-09T22:33:07+01:00,"{'countryCode': 'gb', 'latitude': 53.7917, 'longitude': -1.7674}",https://api.core.ac.uk/data-providers/10/logo,REPOSITORY,,No,0,No error,0,No direct software search capability,
bura.brunel.ac.uk/oai/request,14,,Brunel University Research Archive,no,no,bura@brunel.ac.uk,,brunel,https://bura.brunel.ac.uk,,dspace,dspace,oai_dc,2011-05-11T14:18:01+01:00,"{'countryCode': 'GB', 'latitude': 51.5324044, 'longitude': -0.4729931}",https://api.core.ac.uk/data-providers/14/logo,REPOSITORY,,No,0,No error,0,No direct software search capability,
chesterrep.openrepository.com/oai/request,19,,ChesterRep,no,no,chesterrep@chester.ac.uk,,chesterrep,https://chesterrep.openrepository.com,,dspace,dspace,oai_dc,2011-05-11T14:48:05+01:00,"{'countryCode': 'gb', 'latitude': 39.768, 'longitude': -104.873}",https://api.core.ac.uk/data-providers/19/logo,REPOSITORY,,No,0,No error,0,Does not contain software,
dspace.lib.cranfield.ac.uk/oai/request,23,,Cranfield CERES,no,no,library@cranfield.ac.uk,,cranfield,http://dspace.lib.cranfield.ac.uk,,dspace,dspace,oai_dc,2011-05-12T19:14:26+01:00,"{'countryCode': 'gb', 'latitude': 52.0739, 'longitude': -0.628753}",https://api.core.ac.uk/data-providers/23/logo,REPOSITORY,,No,0,No error,0,Does not contain software,
derby.openrepository.com/derby/-oai/request,1038,2236,UDORA - University of Derby Online Research Archive,no,no,UDORA@derby.ac.uk,,derby,https://derby.openrepository.com,,dspace,dspace,oai_dc,2016-09-16T10:24:49+01:00,"{'countryCode': 'GB', 'latitude': 52.92253, 'longitude': -1.474618}",https://api.core.ac.uk/data-providers/1038/logo,REPOSITORY,,No,0,No error,2,Contains software,"website not responding, but online repo can be found at https://repository.derby.ac.uk/repository/search?q=type%3A%22software%22"
www.dora.dmu.ac.uk/oai/request,25,,De Montfort University Open Research Archive,no,no,acope@dmu.ac.uk,,dmu,https://www.dora.dmu.ac.uk,,dspace,dspace,oai_dc,2011-05-13T09:01:29+01:00,"{'countryCode': 'gb', 'latitude': 52.6318, 'longitude': -1.1394}",https://api.core.ac.uk/data-providers/25/logo,REPOSITORY,,No sets,0,BadVerbError,0,No direct software search capability,No software search item
discovery.dundee.ac.uk/ws/oai,123,1775,University of Dundee Online Publications,no,no,discovery@dundee.ac.uk,,dundee,http://discovery.dundee.ac.uk,,dspace,dspace,oai_dc,2011-07-07T16:13:07+01:00,"{'countryCode': 'GB', 'latitude': 56.4583, 'longitude': -2.9809}",https://api.core.ac.uk/data-providers/123/logo,REPOSITORY,,No,0,Bad Argument Error,22,Contains software,
eresearch.qmu.ac.uk/dspace-oai/request,91,1228,Queen Margaret University eResearch,no,no,gharvie@qmu.ac.uk,,eqmu/,https://eresearch.qmu.ac.uk/,,dspace,dspace,oai_dc,2011-06-24T12:17:49+01:00,"{'countryCode': 'GB', 'latitude': 55.931742, 'longitude': -3.076927}",https://api.core.ac.uk/data-providers/91/logo,REPOSITORY,,No,0,No error,0,No direct software search capability,
uhra.herts.ac.uk/oai/request,125,,University of Hertfordshire Research Archive,no,no,dspace@herts.ac.uk,,herts,http://uhra.herts.ac.uk,,dspace,dspace,oai_dc,2011-07-07T16:13:07+01:00,"{'countryCode': 'gb', 'latitude': 51.75, 'longitude': -0.3333}",https://api.core.ac.uk/data-providers/125/logo,REPOSITORY,,No,0,No error,0,No direct software search capability,
opendocs.ids.ac.uk/oai/request,603,2319,IDS OpenDocs,no,no,,,ids,http://opendocs.ids.ac.uk,,dspace,dspace,oai_dc,2013-09-06T14:35:29+01:00,"{'countryCode': 'GB', 'latitude': 50.866, 'longitude': -0.0901}",https://api.core.ac.uk/data-providers/603/logo,REPOSITORY,,No,0,No error,0,No direct software search capability,
pearl.plymouth.ac.uk/oai/request,295,2687,Plymouth Electronic Archive and Research Library,no,no,openresearch@plymouth.ac.uk,,plymouth,http://pearl.plymouth.ac.uk,,dspace,dspace,oai_dc,2013-06-27T12:52:22+01:00,"{'countryCode': 'GB', 'latitude': 50.3705, 'longitude': -4.1398}",https://api.core.ac.uk/data-providers/295/logo,REPOSITORY,,No,0,No error,0,No direct software search capability,
dspace.stir.ac.uk/oai/request,107,,Stirling Online Research Repository,no,no,library@stir.ac.uk,,stir,https://dspace.stir.ac.uk,,dspace,dspace,oai_dc,2011-07-07T16:11:06+01:00,"{'countryCode': 'gb', 'latitude': 56.1194, 'longitude': -3.93588}",https://api.core.ac.uk/data-providers/107/logo,REPOSITORY,,No,0,No error,0,No direct software search capability,
dspace.stir.ac.uk/oai/,10883,,Stirling Online Research Repository (RIOXX),no,no,,,stir/,https://dspace.stir.ac.uk,,dspace,dspace,rioxx,2019-07-19T00:00:00+01:00,"{'countryCode': 'GB', 'latitude': 56.1453567, 'longitude': -3.9205492}",https://api.core.ac.uk/data-providers/10883/logo,REPOSITORY,,No,0,No error,0,No direct software search capability,
uobrep.openrepository.com/uobrep/oai/request,654,,University of Bedfordshire Repository,no,no,repository@beds.ac.uk,,uobrep,http://uobrep.openrepository.com,,dspace,dspace,oai_dc,2015-01-20T16:59:20+00:00,"{'countryCode': 'GB', 'latitude': 51.878306, 'longitude': -0.411352}",https://api.core.ac.uk/data-providers/654/logo,REPOSITORY,,No sets,0,BadVerbError,0,Does not contain software,"Type in search bar filter, but �software� gives 0 results"
repository.uwtsd.ac.uk/cgi/oai2,110,1627,University of Wales Trinity Saint David,no,no,anne.harvey@sm.uwtsd.ac.uk,,uwtsd,http://repository.uwtsd.ac.uk,,dspace,dspace,oai_dc,2011-05-14T10:36:07+01:00,"{'countryCode': 'GB', 'latitude': 51.6144, 'longitude': -3.8727}",https://api.core.ac.uk/data-providers/110/logo,REPOSITORY,,No,0,No error,0,No direct software search capability,
wlv.openrepository.com/wlv-oai/request,141,589,Wolverhampton Intellectual Repository and E-theses,no,no,wire@wlv.ac.uk,,wlv,http://wlv.openrepository.com,,dspace,dspace,oai_dc,2011-05-27T18:45:03+01:00,"{'countryCode': 'GB', 'latitude': 52.5837, 'longitude': -2.1174}",https://api.core.ac.uk/data-providers/141/logo,REPOSITORY,,No,0,No error,0,No direct software search capability,
https://researchportal.bath.ac.uk/en/publications/,82,1378,University of Bath Research Portal,no,yes,opus-support@bath.ac.uk,,bath,http://opus.bath.ac.uk,,eprints,eprints,oai_dc,2011-05-15T10:16:09+01:00,"{'countryCode': 'GB', 'latitude': 51.3815, 'longitude': -2.3278}",https://api.core.ac.uk/data-providers/82/logo,REPOSITORY,,No,0,Bad Argument Error,25,Contains software,
edata.bham.ac.uk/cgi/oai2,14703,,University of Birmingham eData Repository (UBIRA E-Data),yes,yes,,,bham,https://edata.bham.ac.uk,,Eprints 3,eprints,oai_dc,2019-09-30T00:00:00+01:00,"{'countryCode': 'GB', 'latitude': None, 'longitude': None}",https://api.core.ac.uk/data-providers/14703/logo,REPOSITORY,,No,0,No error,0,No direct software search capability,
epapers.bham.ac.uk/cgi/oai2,119,1126,"University of Birmingham Research Archive, E-papers Repository",yes,yes,S.Atkins.1@bham.ac.uk,,bham,http://epapers.bham.ac.uk,,eprints,eprints,oai_dc,2011-07-07T16:12:11+01:00,"{'countryCode': 'GB', 'latitude': 52.44899, 'longitude': -1.93085}",https://api.core.ac.uk/data-providers/119/logo,REPOSITORY,,No,0,No error,0,No direct software search capability,
eprints.esc.cam.ac.uk/cgi/oai2,684,3280,ESC Publications - Cambridge Univesity,yes,yes,,,cam,http://eprints.esc.cam.ac.uk,,EPrints 3.3.16,eprints,rioxx,2015-08-17T17:13:26+01:00,"{'countryCode': 'GB', 'latitude': 52.204266, 'longitude': 0.1149084}",https://api.core.ac.uk/data-providers/684/logo,REPOSITORY,,No,0,No error,0,No direct software search capability,
orca.cardiff.ac.uk/cgi/oai2,83,55,Online Research @ Cardiff,yes,yes,openaccess@cardiff.ac.uk,,cardiff,https://orca.cardiff.ac.uk/,,eprints,eprints,rioxx,2011-05-27T18:07:53+01:00,"{'countryCode': 'GB', 'latitude': 51.486198, 'longitude': -3.178902}",https://api.core.ac.uk/data-providers/83/logo,REPOSITORY,,No,0,No error,0,No direct software search capability,
dro.dur.ac.uk/cgi/oai2,33,,Durham Research Online,yes,yes,dro.admin@durham.ac.uk,,dur,https://dro.dur.ac.uk,,eprints,eprints,oai_dc,2011-05-14T20:00:53+01:00,"{'countryCode': 'gb', 'latitude': 54.7667, 'longitude': -1.5667}",https://api.core.ac.uk/data-providers/33/logo,REPOSITORY,,No,28313,No error,0,No direct software search capability,
eprints.gla.ac.uk/cgi/oai2,42,162,Enlighten,yes,yes,william.nixon@glasgow.ac.uk,,gla,http://eprints.gla.ac.uk,,eprints,eprints,rioxx,2011-05-13T09:01:21+01:00,"{'countryCode': 'GB', 'latitude': 55.87329, 'longitude': -4.2889}",https://api.core.ac.uk/data-providers/42/logo,REPOSITORY,,No,0,No error,0,No direct software search capability,
researchdata.gla.ac.uk/cgi/oai2,14433,,Enlighten: Research Data (University of Glasgow),yes,yes,,,gla,http://researchdata.gla.ac.uk,,Eprints 3,eprints,oai_dc,2019-09-23T00:00:00+01:00,"{'countryCode': 'GB', 'latitude': None, 'longitude': None}",https://api.core.ac.uk/data-providers/14433/logo,REPOSITORY,,No,0,BadVerbError,117,Contains software,Search types for �software� and �code�
eprint.ncl.ac.uk/oai/,252,225,Newcastle University E-Prints,yes,yes,openaccess@ncl.ac.uk,,ncl,https://eprint.ncl.ac.uk/,,eprints,eprints,oai_dc,2012-10-09T18:05:04+01:00,"{'countryCode': 'GB', 'latitude': 54.9792, 'longitude': -1.6147}",https://api.core.ac.uk/data-providers/252/logo,REPOSITORY,,No sets,0,BadVerbError,0,No direct software search capability,No software search item
eprints.nottingham.ac.uk/cgi/oai2,80,226,Nottingham ePrints,yes,yes,eprints@nottingham.ac.uk,,nottingham,http://eprints.nottingham.ac.uk,,eprints,eprints,rioxx,2011-07-07T16:03:40+01:00,"{'countryCode': 'GB', 'latitude': 52.9382, 'longitude': -1.1712}",https://api.core.ac.uk/data-providers/80/logo,REPOSITORY,,No,0,No error,0,No direct software search capability,
oro.open.ac.uk/cgi/oai2,86,,Open Research Online,no,yes,library-research-support@open.ac.uk,,open,http://oro.open.ac.uk,,eprints,eprints,rioxx,2011-05-06T11:11:21+01:00,"{'countryCode': 'gb', 'latitude': 52.0333, 'longitude': -0.7}",https://api.core.ac.uk/data-providers/86/logo,REPOSITORY,,No,0,No error,0,No direct software search capability,
centaur.reading.ac.uk/cgi/oai2,17,1731,Central Archive at the University of Reading,no,yes,centaur@reading.ac.uk,,reading,http://centaur.reading.ac.uk,,eprints,eprints,rioxx,2011-05-12T14:42:02+01:00,"{'countryCode': 'GB', 'latitude': 51.4392, 'longitude': -0.9197}",https://api.core.ac.uk/data-providers/17/logo,REPOSITORY,,No,0,BadVerbError,0,No direct software search capability,No software search item
researchdata.reading.ac.uk/cgi/oai2,2298,3757,University of Reading Research Data Archive,no,yes,,,reading,https://researchdata.reading.ac.uk,,EPrints 3.3.16,eprints,oai_dc,2016-11-08T12:29:03+00:00,"{'countryCode': 'GB', 'latitude': 51.4392, 'longitude': -0.9197}",https://api.core.ac.uk/data-providers/2298/logo,REPOSITORY,,No,0,No error,5,Contains software,
www.edshare.soton.ac.uk/cgi/oai2,167,1636,EdShare,no,yes,,,soton,http://www.edshare.soton.ac.uk,,eprints,eprints,oai_dc,2012-06-08T17:03:41+01:00,"{'countryCode': 'GB', 'latitude': 50.9342, 'longitude': -1.3957}",https://api.core.ac.uk/data-providers/167/logo,REPOSITORY,,No sets,0,BadVerbError,0,No direct software search capability,"No software search item. Does include software license search, which gives 7 results- none research software."
eprints.soton.ac.uk/cgi/oai2,34,348,e-Prints Soton,no,yes,eprints@soton.ac.uk,,soton,https://eprints.soton.ac.uk,,eprints,eprints,rioxx,2011-06-18T14:32:59+01:00,"{'countryCode': 'GB', 'latitude': 50.9342, 'longitude': -1.3957}",https://api.core.ac.uk/data-providers/34/logo,REPOSITORY,,No,13,No error,13,Contains software,
discovery.ucl.ac.uk/cgi/oai2,118,,UCL Discovery,yes,yes,open-access@ucl.ac.uk,,ucl,http://discovery.ucl.ac.uk,,eprints,eprints,oai_dc,2011-07-07T16:12:10+01:00,"{'countryCode': 'gb', 'latitude': 51.5241, 'longitude': -0.1329}",https://api.core.ac.uk/data-providers/118/logo,REPOSITORY,,No,0,BadVerbError,7,Contains software,"UCL has software type on webpage, but no software set"
etheses.whiterose.ac.uk/cgi/oai2,139,1407,White Rose E-theses Online,yes,yes,etheses@whiterose.ac.uk,,whiterose,http://etheses.whiterose.ac.uk,,eprints,eprints,oai_dc,2011-07-04T16:54:46+01:00,"{'countryCode': 'GB', 'latitude': 53.80849, 'longitude': -1.5528}",https://api.core.ac.uk/data-providers/139/logo,REPOSITORY,,No,0,BadVerbError,0,No direct software search capability,No software search item
eprints.whiterose.ac.uk/cgi/oai2,140,,White Rose Research Online,yes,yes,eprints@whiterose.ac.uk,,whiterose,http://eprints.whiterose.ac.uk,,eprints,eprints,rioxx,2011-05-22T16:37:21+01:00,"{'countryCode': 'gb', 'latitude': 53.9477, 'longitude': -1.04984}",https://api.core.ac.uk/data-providers/140/logo,REPOSITORY,,No,0,BadVerbError,0,No direct software search capability,"No software search item. Whiterose represents Leeds, Sheffield and York.  York has Pure."
repository.alt.ac.uk/cgi/oai2,5,,ALT Open Access Repository,no,no,repository@alt.ac.uk,,alt,http://repository.alt.ac.uk,,eprints,eprints,oai_dc,2011-05-11T14:57:33+01:00,"{'countryCode': 'gb', 'latitude': 51.7549, 'longitude': -1.22309}",https://api.core.ac.uk/data-providers/5/logo,REPOSITORY,,No,0,BadVerbError,0,No direct software search capability,No software search item
arro.anglia.ac.uk/cgi/oai2,6,1850,Anglia Ruskin Research Online,no,no,arro@anglia.ac.uk,,anglia,https://arro.anglia.ac.uk,,eprints,eprints,rioxx,2011-05-09T22:15:53+01:00,"{'countryCode': 'GB', 'latitude': 51.7413, 'longitude': 0.4743}",https://api.core.ac.uk/data-providers/6/logo,REPOSITORY,,No,0,No error,0,No direct software search capability,
publications.aston.ac.uk/cgi/oai2,7,1552,Aston Publications Explorer,no,no,openaccess@aston.ac.uk,,aston,http://publications.aston.ac.uk,,eprints,eprints,rioxx,2011-05-12T18:06:54+01:00,"{'countryCode': 'GB', 'latitude': 52.4862, 'longitude': -1.8896}",https://api.core.ac.uk/data-providers/7/logo,REPOSITORY,,No,0,BadVerbError,0,No direct software search capability,No software search item
researchspace.bathspa.ac.uk/cgi/oai2,686,2694,ResearchSPace - Bath Spa University,no,no,researchspace@bathspa.ac.uk,,bathspa,http://researchspace.bathspa.ac.uk,,Eprints,eprints,rioxx,2015-08-18T11:27:56+01:00,"{'countryCode': 'GB', 'latitude': 51.375899, 'longitude': -2.43866}",https://api.core.ac.uk/data-providers/686/logo,REPOSITORY,,No,0,No error,0,No direct software search capability,
eprints.bbk.ac.uk/cgi/oai2,8,30,Birkbeck Institutional Research Online,no,no,lib-eprints@bbk.ac.uk,,bbk,https://eprints.bbk.ac.uk,,eprints,eprints,rioxx,2011-05-12T18:08:27+01:00,"{'countryCode': 'GB', 'latitude': 51.521515, 'longitude': -0.129308}",https://api.core.ac.uk/data-providers/8/logo,REPOSITORY,,No,0,No error,0,No direct software search capability,
bcu.eprints-hosting.org/cgi/oai2,14803,3870,Birmingham City University Open Access Repository,no,no,,,bcu,,,EPrints 3.4.0,eprints,oai_dc,2019-11-25T15:27:47+00:00,"{'countryCode': 'gb', 'latitude': 52.4822, 'longitude': -1.88861}",https://api.core.ac.uk/data-providers/14803/logo,REPOSITORY,,No,0,,0,No direct software search capability,No software search item
www.open-access.bcu.ac.uk/cgi/oai2,2583,4167,BCU Open Access,no,no,Gemma.Tonks@bcu.ac.uk,,bcu,https://www.open-access.bcu.ac.uk/,,EPrints 3.4.0,eprints,oai_dc,2017-04-10T00:05:46+01:00,"{'countryCode': 'GB', 'latitude': None, 'longitude': None}",https://api.core.ac.uk/data-providers/2583/logo,REPOSITORY,,No,0,No error,0,No direct software search capability,
bgro.repository.guildhe.ac.uk/cgi/oai2,1052,3650,BG Research Online,no,no,rachel.stewart@bishopg.ac.uk,,bgro,https://bgro.repository.guildhe.ac.uk,,eprints,eprints,rioxx,2016-10-28T11:02:58+01:00,"{'countryCode': 'GB', 'latitude': 53.24382259999999, 'longitude': -0.5364247}",https://api.core.ac.uk/data-providers/1052/logo,REPOSITORY,,No,0,No error,0,No direct software search capability,
sprite.bolton.ac.uk/cgi/oai2,623,1156,University of Bolton Institutional Repository,no,no,ubir@bolton.ac.uk,,bolton,http://sprite.bolton.ac.uk,,EPrints 3.3.14,eprints,oai_dc,2014-03-03T17:06:54+00:00,"{'countryCode': 'GB', 'latitude': 53.5735, 'longitude': -2.4364}",https://api.core.ac.uk/data-providers/623/logo,REPOSITORY,,No,0,No error,0,No direct software search capability,
eprints.bournemouth.ac.uk/cgi/oai2,9,1076,Bournemouth University Research Online,no,no,BURO@bournemouth.ac.uk,,bournemouth,http://eprints.bournemouth.ac.uk,,eprints,eprints,rioxx,2011-05-10T19:46:10+01:00,"{'countryCode': 'GB', 'latitude': 50.742979, 'longitude': -1.897168}",https://api.core.ac.uk/data-providers/9/logo,REPOSITORY,,No,42,No error,2,Contains software,
bear.buckingham.ac.uk/cgi/oai2?verb=identify,704,3435,BEAR (Buckingham E-Archive of Research),no,no,,,buckingham,http://bear.buckingham.ac.uk,,EPrints 3.3.16,eprints,oai_dc,2015-11-16T17:31:06+00:00,"{'countryCode': 'GB', 'latitude': 51.9993, 'longitude': -0.9876}",https://api.core.ac.uk/data-providers/704/logo,REPOSITORY,,No,0,No error,0,Does not contain software,
bucks.repository.guildhe.ac.uk/cgi/oai2,13623,9175,Bucks New University: Bucks Knowledge Archive,no,no,,,bucks,https://bucks.repository.guildhe.ac.uk,,Eprints 3,eprints,oai_dc,2019-09-23T00:00:00+01:00,"{'countryCode': 'GB', 'latitude': 51.6205, 'longitude': -0.7386}",https://api.core.ac.uk/data-providers/13623/logo,REPOSITORY,,No,0,No error,0,No direct software search capability,
repository.canterbury.ac.uk/oai2,164,2172,Canterbury Research and Theses Environment,no,no,create.library@canterbury.ac.uk,,canterbury,http://create.canterbury.ac.uk,,eprints,eprints,rioxx,2012-06-08T17:05:38+01:00,"{'countryCode': 'GB', 'latitude': 51.2796, 'longitude': 1.0894}",https://api.core.ac.uk/data-providers/164/logo,REPOSITORY,,No,0,OAI XML Syntax error,0,Does not contain software,
cedadocs.ceda.ac.uk/cgi/oai2,,,,no,no,,,ceda,,,EPrints 3.3.16,eprints,,,,,,,No,0,,0,No direct software search capability,
eprints.chi.ac.uk/cgi/oai2,,,,no,no,,,chi,,,EPrints 3.3.12,eprints,,,,,,,No,0,,0,No direct software search capability,
eprints.chi.ac.uk/cgi/oai2/,356,2701,University of Chichester EPrints Repository,no,no,eprint@chi.ac.uk,,chi/,http://eprints.chi.ac.uk,,eprints,eprints,rioxx,2013-07-10T13:02:25+01:00,"{'countryCode': 'GB', 'latitude': 50.8443, 'longitude': -0.7744}",https://api.core.ac.uk/data-providers/356/logo,REPOSITORY,,No sets,0,BadVerbError,0,No direct software search capability,No software search item
openaccess.city.ac.uk/cgi/oai2,146,,City Research Online,no,no,publications@city.ac.uk,,city,https://openaccess.city.ac.uk,,eprints,eprints,rioxx,2012-04-23T13:03:18+01:00,"{'countryCode': 'gb', 'latitude': 51.528, 'longitude': -0.1031}",https://api.core.ac.uk/data-providers/146/logo,REPOSITORY,,Yes,10,No error,9,Contains software,
crco.cssd.ac.uk/cgi/oai2/,353,2699,Central Research and Creativity Online - Royal Central School of Speech and Drama,no,no,,,cssd/,http://crco.cssd.ac.uk,,eprints,eprints,oai_dc,2013-07-10T12:57:54+01:00,"{'countryCode': 'GB', 'latitude': 51.5443, 'longitude': -0.1742}",https://api.core.ac.uk/data-providers/353/logo,REPOSITORY,,No,0,No error,0,No direct software search capability,
insight.cumbria.ac.uk/cgi/oai2,685,1675,Insight - University of Cumbria,no,no,insight@cumbria.ac.uk,,cumbria,http://insight.cumbria.ac.uk,,EPrints 3.4.2,eprints,rioxx,2015-08-18T11:27:50+01:00,"{'countryCode': 'GB', 'latitude': 54.890876, 'longitude': -2.922234}",https://api.core.ac.uk/data-providers/685/logo,REPOSITORY,,No,0,No error,0,No direct software search capability,
repository.essex.ac.uk/cgi/oai2,176,2409,University of Essex Research Repository,no,no,repository@essex.ac.uk,,essex,http://repository.essex.ac.uk,,eprints,eprints,oai_dc,2012-06-11T08:53:22+01:00,"{'countryCode': 'GB', 'latitude': 51.8766, 'longitude': 0.945}",https://api.core.ac.uk/data-providers/176/logo,REPOSITORY,,No,0,No error,0,No direct software search capability,
repository.falmouth.ac.uk/cgi/oai2,649,3261,Falmouth University Research Repository (FURR),no,no,repository@falmouth.ac.uk,,falmouth,http://repository.falmouth.ac.uk,,eprints,eprints,rioxx,2015-01-20T12:11:28+00:00,"{'countryCode': 'GB', 'latitude': 50.171084, 'longitude': -5.123619}",https://api.core.ac.uk/data-providers/649/logo,REPOSITORY,,No,0,No error,0,No direct software search capability,
edshare.gcu.ac.uk/cgi/oai2,14456,,edShare@GCU (Glasgow Caledonian University),no,no,librarysystems@gcu.ac.uk,,gcu,https://edshare.gcu.ac.uk,,Eprints 3,eprints,oai_dc,2019-09-23T00:00:00+01:00,"{'countryCode': 'GB', 'latitude': 55.86607, 'longitude': -4.250826}",https://api.core.ac.uk/data-providers/14456/logo,REPOSITORY,,No sets,0,No error,0,No direct software search capability,
eprints.glos.ac.uk/cgi/oai2,680,3160,University of Gloucestershire Research Repository,no,no,eprints@glos.ac.uk,,glos,http://eprints.glos.ac.uk,,eprints,eprints,rioxx,2015-06-30T12:40:25+01:00,"{'countryCode': 'GB', 'latitude': 51.886822, 'longitude': -2.089033}",https://api.core.ac.uk/data-providers/680/logo,REPOSITORY,,Yes,0,BadVerbError,4,Contains software,Software type
glyndwr.repository.guildhe.ac.uk/cgi/oai2,49,1603,Glynd?r University Research Online,no,no,repository@glyndwr.ac.uk,,glyndwr,https://glyndwr.repository.guildhe.ac.uk/,,Eprints 3,eprints,rioxx,2011-05-12T20:43:39+01:00,"{'countryCode': 'GB', 'latitude': 53.053, 'longitude': -3.0056}",https://api.core.ac.uk/data-providers/49/logo,REPOSITORY,,No,0,No error,0,No direct software search capability,
research.gold.ac.uk/cgi/oai2,50,758,Goldsmiths Research Online,no,no,a.gray@gold.ac.uk,,gold,http://research.gold.ac.uk,,eprints,eprints,rioxx,2011-07-22T14:11:09+01:00,"{'countryCode': 'GB', 'latitude': 51.475, 'longitude': -0.034}",https://api.core.ac.uk/data-providers/50/logo,REPOSITORY,,Yes,0,BadVerbError,28,Contains software,Software type. OAI has set Type = Software
gala.gre.ac.uk/cgi/oai2,51,1756,Greenwich Academic Literature Archive,no,no,gala@gre.ac.uk,,gre,http://gala.gre.ac.uk,,eprints,eprints,rioxx,2011-07-07T16:59:10+01:00,"{'countryCode': 'GB', 'latitude': 51.482038, 'longitude': -0.005987}",https://api.core.ac.uk/data-providers/51/logo,REPOSITORY,,No,0,No error,0,No direct software search capability,
radar.gsa.ac.uk/cgi/oai2,355,2695,Glasgow School of Art: RADAR,no,no,radar@gsa.ac.uk,,gsa,http://radar.gsa.ac.uk,,eprints,eprints,rioxx,2013-07-10T13:02:07+01:00,"{'countryCode': 'GB', 'latitude': 55.866, 'longitude': -4.2634}",https://api.core.ac.uk/data-providers/355/logo,REPOSITORY,,No,0,No error,0,No direct software search capability,
hau.repository.guildhe.ac.uk/cgi/oai2,12969,8606,Harper Adams University Repository,no,no,,,hau,https://hau.repository.guildhe.ac.uk,,Eprints 3,eprints,oai_dc,2019-09-23T00:00:00+01:00,"{'countryCode': 'GB', 'latitude': 52.779451, 'longitude': -2.427135}",https://api.core.ac.uk/data-providers/12969/logo,REPOSITORY,,No,0,No error,0,No direct software search capability,
hira.hope.ac.uk/cgi/oai2,1053,3677,Hope's Institutional Research Archive,no,no,,,hope,http://hira.hope.ac.uk,,EPrints 3.4.3,eprints,oai_dc,2016-10-28T11:03:10+01:00,"{'countryCode': 'GB', 'latitude': 53.3915, 'longitude': -2.8919}",https://api.core.ac.uk/data-providers/1053/logo,REPOSITORY,,No,0,BadVerbError,0,No direct software search capability,No software search item
eprints.hud.ac.uk/cgi/oai2,126,1012,University of Huddersfield Repository,no,no,E.mailbox@hud.ac.uk,,hud,http://eprints.hud.ac.uk,,eprints,eprints,rioxx,2011-07-05T18:53:03+01:00,"{'countryCode': 'GB', 'latitude': 53.6439, 'longitude': -1.7784}",https://api.core.ac.uk/data-providers/126/logo,REPOSITORY,,No,0,No error,0,No direct software search capability,
dera.ioe.ac.uk/cgi/oai2,161,2152,Digital Education Resource Archive,no,no,,,ioe,http://dera.ioe.ac.uk,,eprints,eprints,oai_dc,2012-06-01T17:07:54+01:00,"{'countryCode': 'GB', 'latitude': 51.5235, 'longitude': -0.1285}",https://api.core.ac.uk/data-providers/161/logo,REPOSITORY,,No,0,No error,0,No direct software search capability,
eprints.keele.ac.uk/cgi/oai2,657,2263,Keele Research Repository,no,no,s.mcgowan@keele.ac.uk,,keele,https://eprints.keele.ac.uk,,eprints,eprints,rioxx,2015-01-22T10:01:37+00:00,"{'countryCode': 'GB', 'latitude': 53.003437, 'longitude': -2.272053}",https://api.core.ac.uk/data-providers/657/logo,REPOSITORY,,No,0,No error,0,No direct software search capability,
data.kent.ac.uk/cgi/oai2,5607,4245,Kent Data Repository,no,no,,,kent,,,EPrints 3.3.16,eprints,oai_dc,2019-04-18T11:15:32+01:00,"{'countryCode': 'gb', 'latitude': 51.2977, 'longitude': 1.06828}",https://api.core.ac.uk/data-providers/5607/logo,REPOSITORY,,No,0,No error,0,Does not contain software,
kar.kent.ac.uk/cgi/oai2,57,1328,Kent Academic Repository,no,no,ResearchSupport@kent.ac.uk,,kent,https://kar.kent.ac.uk,,eprints,eprints,rioxx,2011-07-06T08:30:37+01:00,"{'countryCode': 'GB', 'latitude': 51.2923, 'longitude': 1.0797}",https://api.core.ac.uk/data-providers/57/logo,REPOSITORY,,Yes,24,No error,24,Contains software,
eprints.kingston.ac.uk/cgi/oai2,58,1221,Kingston University Research Repository,no,no,eprints@kingston.ac.uk,,kingston,http://eprints.kingston.ac.uk,,eprints,eprints,rioxx,2011-07-07T16:59:07+01:00,"{'countryCode': 'GB', 'latitude': 51.40631, 'longitude': -0.30782}",https://api.core.ac.uk/data-providers/58/logo,REPOSITORY,,No,0,No error,0,No direct software search capability,
eprints.lancs.ac.uk/cgi/oai2,59,201,Lancaster E-Prints,no,no,m.dunne@lancaster.ac.uk,,lancs,http://eprints.lancs.ac.uk,,eprints,eprints,oai_dc,2011-05-15T13:23:05+01:00,"{'countryCode': 'GB', 'latitude': 54.00975, 'longitude': -2.78598}",https://api.core.ac.uk/data-providers/59/logo,REPOSITORY,,No,0,BadVerbError,0,No direct software search capability,No software search item
lau.collections.crest.ac.uk/cgi/oai2,13809,,Leeds Arts University Repository (CREST),no,no,,,lau,https://lau.collections.crest.ac.uk,,Eprints 3,eprints,oai_dc,2019-09-23T00:00:00+01:00,"{'countryCode': 'GB', 'latitude': 53.808845, 'longitude': -1.551577}",https://api.core.ac.uk/data-providers/13809/logo,REPOSITORY,,No sets,0,BadVerbError,0,No direct software search capability,No software search item
lau.repository.guildhe.ac.uk/cgi/oai2,14872,7788,Leeds Arts University Repository,no,no,,,lau,https://lau.repository.guildhe.ac.uk,,Eprints 3,eprints,oai_dc,2019-11-25T15:28:36+00:00,"{'countryCode': 'gb', 'latitude': 53.8084, 'longitude': -1.5517}",https://api.core.ac.uk/data-providers/14872/logo,REPOSITORY,,No,0,No error,0,No direct software search capability,
lbsresearch.london.edu/cgi/oai2,1054,3652,LBS Research Online,no,no,openaccess@london.edu,,lbslondon,http://lbsresearch.london.edu,,eprints,eprints,rioxx,2016-10-28T11:03:28+01:00,"{'countryCode': 'GB', 'latitude': 51.5281, 'longitude': -0.1614}",https://api.core.ac.uk/data-providers/1054/logo,REPOSITORY,,No,0,No error,0,No direct software search capability,
eprints.leedsbeckett.ac.uk/cgi/oai2,62,,Leeds Beckett Repository,no,no,openaccess@leedsbeckett.ac.uk,,leedsbeckett,http://eprints.leedsbeckett.ac.uk,,eprints,eprints,rioxx,2011-06-01T10:39:27+01:00,"{'countryCode': 'gb', 'latitude': 53.8264, 'longitude': -1.3}",https://api.core.ac.uk/data-providers/62/logo,REPOSITORY,,Yes,0,BadVerbError,0,Does not contain software,"Software type, but 0 records"
eprints.lincoln.ac.uk/cgi/oai2,128,,University of Lincoln Institutional Repository,no,no,eprints@lincoln.ac.uk,,lincoln,http://eprints.lincoln.ac.uk,,eprints,eprints,oai_dc,2011-07-05T16:04:35+01:00,"{'countryCode': 'gb', 'latitude': 53.2333, 'longitude': -0.5333}",https://api.core.ac.uk/data-providers/128/logo,REPOSITORY,,No,0,No error,0,No direct software search capability,
livrepository.liverpool.ac.uk/cgi/oai2,129,1292,University of Liverpool Repository,yes,no,openaccess@liverpool.ac.uk,,liverpool,https://livrepository.liverpool.ac.uk,,eprints,eprints,rioxx,2011-07-07T16:15:29+01:00,"{'countryCode': 'GB', 'latitude': 53.40982, 'longitude': -2.96949}",https://api.core.ac.uk/data-providers/129/logo,REPOSITORY,,Yes,18,No error,16,Contains software,
researchonline.ljmu.ac.uk/cgi/oai2,65,3107,LJMU Research Online,no,no,researchonline@ljmu.ac.uk,,ljmu,http://researchonline.ljmu.ac.uk,,eprints,eprints,rioxx,2011-07-21T14:29:04+01:00,"{'countryCode': 'GB', 'latitude': 53.40292, 'longitude': -2.97338}",https://api.core.ac.uk/data-providers/65/logo,REPOSITORY,,No,0,No error,0,No direct software search capability,
repository.londonmet.ac.uk/cgi/oai2,912,3367,London Met Repository,no,no,,,londonmet,https://repository.londonmet.ac.uk/,,Eprints 3.4.1,eprints,rioxx,2016-05-26T17:06:53+01:00,"{'countryCode': 'GB', 'latitude': 51.51307, 'longitude': -0.07642}",https://api.core.ac.uk/data-providers/912/logo,REPOSITORY,,No,0,No error,0,No direct software search capability,
eprints.lse.ac.uk/cgi/oai2,67,,LSE Research Online,yes,no,lseresearchonline@lse.ac.uk,,lse,http://eprints.lse.ac.uk,,eprints,eprints,oai_dc,2011-05-14T22:11:30+01:00,"{'countryCode': 'gb', 'latitude': 51.5144, 'longitude': -0.116893}",https://api.core.ac.uk/data-providers/67/logo,REPOSITORY,,No,0,No error,0,No direct software search capability,
researchonline.lshtm.ac.uk/cgi/oai2,147,2377,LSHTM Research Online,no,no,researchonline@lshtm.ac.uk,,lshtm,https://researchonline.lshtm.ac.uk,,eprints,eprints,rioxx,2012-04-26T10:38:12+01:00,"{'countryCode': 'GB', 'latitude': 51.5081, 'longitude': -0.128}",https://api.core.ac.uk/data-providers/147/logo,REPOSITORY,,No,0,No error,0,No direct software search capability,
archive.lstmed.ac.uk/cgi/oai2,354,2698,LSTM Online Archive,no,no,library@lstmed.ac.uk,,lstmed,https://archive.lstmed.ac.uk/,,eprints,eprints,rioxx,2013-07-10T13:01:30+01:00,"{'countryCode': 'GB', 'latitude': 53.4086, 'longitude': -2.9691}",https://api.core.ac.uk/data-providers/354/logo,REPOSITORY,,No,0,No error,0,No direct software search capability,
eprints.ma.man.ac.uk/perl/oai2,72,,MIMS EPrints,no,no,,,man,http://eprints.ma.man.ac.uk,,eprints,eprints,oai_dc,2011-06-01T14:53:01+01:00,"{'countryCode': 'gb', 'latitude': 53.5, 'longitude': -2.2167}",https://api.core.ac.uk/data-providers/72/logo,REPOSITORY,,No sets,0,BadVerbError,0,No direct software search capability,No software search item
marjon.repository.guildhe.ac.uk/cgi/oai2,14252,7337,Plymouth Marjon University Repository,no,no,,,marjon,https://marjon.repository.guildhe.ac.uk/,,Eprints 3,eprints,oai_dc,2019-09-23T00:00:00+01:00,"{'countryCode': 'GB', 'latitude': 50.421124, 'longitude': -4.110431}",https://api.core.ac.uk/data-providers/14252/logo,REPOSITORY,,No,0,No error,0,No direct software search capability,
eprints.mdx.ac.uk/cgi/oai2,71,,Middlesex University Research Repository,no,no,eprints@mdx.ac.uk,,mdx,http://eprints.mdx.ac.uk,,eprints,eprints,rioxx,2011-07-07T16:03:34+01:00,"{'countryCode': 'gb', 'latitude': 51.5, 'longitude': -0.1167}",https://api.core.ac.uk/data-providers/71/logo,REPOSITORY,,No,0,BadVerbError,0,No direct software search capability,No software search item
e-space.mmu.ac.uk/cgi/oai2,35,128,E-space: Manchester Metropolitan University's Research Repository,no,no,e-space@mmu.ac.uk,,mmu,https://e-space.mmu.ac.uk,,EPrints 3.3.16,eprints,oai_dc,2011-05-14T17:34:09+01:00,"{'countryCode': 'GB', 'latitude': 53.47071, 'longitude': -2.23949}",https://api.core.ac.uk/data-providers/35/logo,REPOSITORY,,No,0,No error,0,No direct software search capability,
eprints.ncl.ac.uk/oai,,,,no,no,,,ncl,,,Eprints,eprints,,,,,,,No,,,0,No direct software search capability,
eprints.ncrm.ac.uk/cgi/oai2,13448,,National Centre for Research Methods: NCRM EPrints Repository,no,no,,,ncrm,http://eprints.ncrm.ac.uk,,Eprints 3,eprints,oai_dc,2019-09-23T00:00:00+01:00,"{'countryCode': 'GB', 'latitude': None, 'longitude': None}",https://api.core.ac.uk/data-providers/13448/logo,REPOSITORY,,No,0,BadVerbError,0,No direct software search capability,
nora.nerc.ac.uk/cgi/oai2,79,1002,NERC Open Research Archive,no,no,,,nerc,http://nora.nerc.ac.uk,,eprints,eprints,oai_dc,2011-05-15T13:23:10+01:00,"{'countryCode': 'GB', 'latitude': 51.56689, 'longitude': -1.78453}",https://api.core.ac.uk/data-providers/79/logo,REPOSITORY,,No,0,BadVerbError,0,No direct software search capability,
newman.repository.guildhe.ac.uk/cgi/oai2,13324,7553,Newman University Repository,no,no,,,newman,https://newman.repository.guildhe.ac.uk/,,Eprints 3,eprints,oai_dc,2019-09-23T00:00:00+01:00,"{'countryCode': 'GB', 'latitude': 37.673508, 'longitude': -97.377744}",https://api.core.ac.uk/data-providers/13324/logo,REPOSITORY,,No,0,No error,0,No direct software search capability,
nectar.northampton.ac.uk/cgi/oai2,78,1251,NECTAR,no,no,nectar@northampton.ac.uk,,northampton,http://nectar.northampton.ac.uk,,eprints,eprints,rioxx,2011-05-27T18:54:38+01:00,"{'countryCode': 'GB', 'latitude': 52.23698, 'longitude': -0.89735}",https://api.core.ac.uk/data-providers/78/logo,REPOSITORY,,No,0,No error,0,No direct software search capability,
nrl.northumbria.ac.uk/cgi/oai2,162,1448,Northumbria Research Link,no,no,as.researchlink@northumbria.ac.uk,,northumbria,http://nrl.northumbria.ac.uk,,eprints,eprints,rioxx,2012-06-01T16:55:25+01:00,"{'countryCode': 'GB', 'latitude': 54.9773, 'longitude': -1.61257}",https://api.core.ac.uk/data-providers/162/logo,REPOSITORY,,No,0,No error,0,No direct software search capability,
irep.ntu.ac.uk/cgi/oai2,53,1226,Nottingham Trent Institutional Repository (IRep),no,no,richard.cross@ntu.ac.uk,,ntu,http://irep.ntu.ac.uk,,eprints,eprints,rioxx,2011-07-22T14:11:31+01:00,"{'countryCode': 'GB', 'latitude': 52.9583, 'longitude': -1.1554}",https://api.core.ac.uk/data-providers/53/logo,REPOSITORY,,No,11,No error,10,Contains software,
plymsea.ac.uk/cgi/oai2,68,514,Plymouth Marine Science Electronic Archive (PlyMSEA),no,no,barbue@MBA.ac.uk,,plymsea,http://plymsea.ac.uk,,eprints,eprints,oai_dc,2011-05-18T17:48:23+01:00,"{'countryCode': 'GB', 'latitude': 50.36423, 'longitude': -4.13898}",https://api.core.ac.uk/data-providers/68/logo,REPOSITORY,,No,0,No error,0,No direct software search capability,
rau.repository.guildhe.ac.uk/cgi/oai2,14871,6870,Royal Agricultural University Repository,no,no,,,rau,https://rau.repository.guildhe.ac.uk/,,Eprints,eprints,oai_dc,2019-11-25T15:28:28+00:00,"{'countryCode': 'gb', 'latitude': 51.71, 'longitude': -1.995}",https://api.core.ac.uk/data-providers/14871/logo,REPOSITORY,,No,0,No error,0,No direct software search capability,
rave.repository.guildhe.ac.uk/cgi/oai2,15090,,Ravensbourne University Repository,no,no,,,rave,https://rave.repository.guildhe.ac.uk,,Eprints,eprints,oai_dc,2020-03-10T14:47:03+00:00,"{'countryCode': 'GB', 'latitude': 51.50167279999999, 'longitude': 0.005749600000000001}",https://api.core.ac.uk/data-providers/15090/logo,REPOSITORY,,No,0,No error,0,No direct software search capability,
researchonline.rca.ac.uk/cgi/oai2,505,2568,Royal College of Art Research Repository,no,no,repository@rca.ac.uk,,rca,http://researchonline.rca.ac.uk,,eprints,eprints,oai_dc,2013-08-06T16:25:58+01:00,"{'countryCode': 'GB', 'latitude': 51.5014, 'longitude': -0.1785}",https://api.core.ac.uk/data-providers/505/logo,REPOSITORY,,No,0,BadVerbError,0,No direct software search capability,No software search item
researchonline.rcm.ac.uk/cgi/oai2,716,,Royal College of Music Research Online,no,no,emma.hewett@rcm.ac.uk,,rcm,http://researchonline.rcm.ac.uk,,Eprints3.3.1.6,eprints,rioxx,2016-04-22T11:03:10+01:00,"{'countryCode': 'GB', 'latitude': 51.50735, 'longitude': -0.127758}",https://api.core.ac.uk/data-providers/716/logo,REPOSITORY,,No,0,BadVerbError,0,No direct software search capability,No software search item
cedadocs.badc.rl.ac.uk/cgi/oai2,16,1395,CEDA Repository,no,no,,,rl,http://cedadocs.badc.rl.ac.uk,,eprints,eprints,oai_dc,2011-05-11T09:13:00+01:00,"{'countryCode': 'GB', 'latitude': 51.5668, 'longitude': -1.786}",https://api.core.ac.uk/data-providers/16/logo,REPOSITORY,,No sets,0,BadVerbError,0,No direct software search capability,No software search item
researchonline.rvc.ac.uk/cgi/oai2,915,3495,RVC Research Online,no,no,publicationsrepos@rvc.ac.uk,,rvc,https://researchonline.rvc.ac.uk,,eprints,eprints,rioxx,2016-05-26T17:07:13+01:00,"{'countryCode': 'GB', 'latitude': None, 'longitude': None}",https://api.core.ac.uk/data-providers/915/logo,REPOSITORY,,No,0,No error,0,No direct software search capability,
usir.salford.ac.uk/cgi/oai2,130,991,University of Salford Institutional Repository,no,no,usir@salford.ac.uk,,salford,http://usir.salford.ac.uk,,eprints,eprints,rioxx,2011-07-07T16:32:41+01:00,"{'countryCode': 'GB', 'latitude': 53.4871, 'longitude': -2.2736}",https://api.core.ac.uk/data-providers/130/logo,REPOSITORY,,No,0,No error,0,No direct software search capability,
sas-space.sas.ac.uk/cgi/oai2,99,907,SAS-SPACE,no,no,,,sas,http://sas-space.sas.ac.uk,,eprints,eprints,rioxx,2011-07-07T16:11:01+01:00,"{'countryCode': 'GB', 'latitude': 51.521, 'longitude': -0.12782}",https://api.core.ac.uk/data-providers/99/logo,REPOSITORY,,No,0,No error,0,No direct software search capability,
openaccess.sgul.ac.uk/cgi/oai2,253,2556,St George's Online Research Archive,no,no,sora@sgul.ac.uk,,sgul,http://openaccess.sgul.ac.uk,,eprints,eprints,rioxx,2012-10-09T14:04:21+01:00,"{'countryCode': 'GB', 'latitude': 51.4279, 'longitude': -0.1759}",https://api.core.ac.uk/data-providers/253/logo,REPOSITORY,,Yes,0,BadVerbError,0,Does not contain software,"Software type, but 0 records"
shurda.shu.ac.uk/cgi/oai2,2175,3503,Sheffield Hallam University Research Data Archive,no,no,,,shu,http://shurda.shu.ac.uk,,EPrints 3.3.16,eprints,oai_dc,2016-11-08T12:29:01+00:00,"{'countryCode': 'GB', 'latitude': 53.38008, 'longitude': -1.46535}",https://api.core.ac.uk/data-providers/2175/logo,REPOSITORY,,No,0,No error,0,No direct software search capability,
shura.shu.ac.uk/cgi/oai2,102,942,Sheffield Hallam University Research Archive,no,no,shura@shu.ac.uk,,shu,http://shura.shu.ac.uk,,eprints,eprints,rioxx,2011-05-15T13:22:57+01:00,"{'countryCode': 'GB', 'latitude': 53.38008, 'longitude': -1.46535}",https://api.core.ac.uk/data-providers/102/logo,REPOSITORY,,No,0,No error,0,No direct software search capability,
eprints.soas.ac.uk/cgi/oai2,103,285,SOAS Research Online,no,no,lib-eprints@soas.ac.uk,,soas,https://eprints.soas.ac.uk,,eprints,eprints,rioxx,2011-07-07T16:11:01+01:00,"{'countryCode': 'GB', 'latitude': 51.52, 'longitude': -0.12}",https://api.core.ac.uk/data-providers/103/logo,REPOSITORY,,No,0,No error,0,No direct software search capability,
eprints.staffs.ac.uk/cgi/oai2,620,2881,STORE - Staffordshire Online Repository,no,no,eprints@staffs.ac.uk,,staffs,http://eprints.staffs.ac.uk,,eprints,eprints,rioxx,2013-11-19T12:58:25+00:00,"{'countryCode': 'GB', 'latitude': 53.0101, 'longitude': -2.1826}",https://api.core.ac.uk/data-providers/620/logo,REPOSITORY,,No,0,No error,0,No direct software search capability,
research.stmarys.ac.uk/cgi/oai2,175,2478,St Mary's University Open Research Archive,no,no,example@university.ac.uk,,stmarys,https://research.stmarys.ac.uk,,eprints,eprints,rioxx,2012-06-11T08:51:29+01:00,"{'countryCode': 'GB', 'latitude': 51.4363, 'longitude': -0.3338}",https://api.core.ac.uk/data-providers/175/logo,REPOSITORY,,No,0,No error,0,No direct software search capability,
strathprints.strath.ac.uk/cgi/oai2,131,291,University of Strathclyde Institutional Repository,no,no,openaccesspublications@strath.ac.uk,,strath,https://strathprints.strath.ac.uk,,eprints,eprints,rioxx,2011-07-07T16:15:36+01:00,"{'countryCode': 'gb', 'latitude': 55.8333, 'longitude': -4.25}",https://api.core.ac.uk/data-providers/131/logo,REPOSITORY,,No,0,No error,0,No direct software search capability,
sure.sunderland.ac.uk/cgi/oai2,168,2408,Sunderland University Institutional Repository,no,no,sure@sunderland.ac.uk,,sunderland,https://sure.sunderland.ac.uk,,eprints,eprints,rioxx,2012-06-08T17:02:16+01:00,"{'countryCode': 'GB', 'latitude': 54.9084, 'longitude': -1.3761}",https://api.core.ac.uk/data-providers/168/logo,REPOSITORY,,No,0,No error,0,Does not contain software,
epubs.surrey.ac.uk/cgi/oai2,108,305,Surrey Research Insight,no,no,openresearch@surrey.ac.uk,,surrey,http://epubs.surrey.ac.uk,,eprints,eprints,oai_dc,2011-07-07T16:11:07+01:00,"{'countryCode': 'GB', 'latitude': 51.242, 'longitude': -0.587}",https://api.core.ac.uk/data-providers/108/logo,REPOSITORY,,No sets,0,OAI XML Syntax error,0,No direct software search capability,
sro.sussex.ac.uk/cgi/oai2,109,2384,Sussex Research Online,no,no,research@sussex.ac.uk,,sussex,http://sro.sussex.ac.uk,,eprints,eprints,rioxx,2011-07-07T16:11:07+01:00,"{'countryCode': 'GB', 'latitude': 50.8677, 'longitude': -0.0881}",https://api.core.ac.uk/data-providers/109/logo,REPOSITORY,,No,0,No error,0,No direct software search capability,
ualresearchonline.arts.ac.uk/cgi/oai2,116,1673,UAL Research Online,no,no,ualresearchonline@arts.ac.uk,,ual,http://ualresearchonline.arts.ac.uk,,eprints,eprints,oai_dc,2011-07-07T16:12:10+01:00,"{'countryCode': 'GB', 'latitude': 51.5002, 'longitude': -0.1262}",https://api.core.ac.uk/data-providers/116/logo,REPOSITORY,,No,0,BadVerbError,0,No direct software search capability,No software search item
research.uca.ac.uk/cgi/oai2,117,1925,UCA Research Online,no,no,arobinson@ucreative.ac.uk,,uca,http://research.uca.ac.uk,,eprints,eprints,oai_dc,2011-07-07T16:12:10+01:00,"{'countryCode': 'GB', 'latitude': 51.2159, 'longitude': 0.8053}",https://api.core.ac.uk/data-providers/117/logo,REPOSITORY,,No,0,No error,0,No direct software search capability,
clok.uclan.ac.uk/cgi/oai2,18,,CLoK,no,no,clok@uclan.ac.uk,,uclan,http://clok.uclan.ac.uk,,eprints,eprints,rioxx,2011-05-10T19:54:34+01:00,"{'countryCode': 'GB', 'latitude': 53.7613, 'longitude': -2.7074}",https://api.core.ac.uk/data-providers/18/logo,REPOSITORY,,No,0,No error,0,No direct software search capability,
ueaeprints.uea.ac.uk/cgi/oai2,124,1366,University of East Anglia digital repository,no,no,uea.digital.repository@uea.ac.uk,,uea,https://ueaeprints.uea.ac.uk,,eprints,eprints,oai_dc,2011-07-07T16:13:07+01:00,"{'countryCode': 'GB', 'latitude': 52.6231, 'longitude': 1.2397}",https://api.core.ac.uk/data-providers/124/logo,REPOSITORY,,Yes,1,No error,0,Does not contain software,"OAI record is deleted, but still returned"
www.repository.uhblibrary.co.uk/cgi/oai2,13672,,Heart of England: HEFT Repository,no,no,,,uhblibrary,http://www.repository.uhblibrary.co.uk,,Eprints 3,eprints,oai_dc,2019-09-23T00:00:00+01:00,"{'countryCode': 'GB', 'latitude': None, 'longitude': None}",https://api.core.ac.uk/data-providers/13672/logo,REPOSITORY,,No,0,,0,No direct software search capability,
repository.uwl.ac.uk/cgi/oai2,357,2700,UWL Repository,no,no,openaccess@uwl.ac.uk,,uwl,http://repository.uwl.ac.uk,,eprints,eprints,rioxx,2013-07-10T13:02:46+01:00,"{'countryCode': 'GB', 'latitude': 51.4544, 'longitude': -0.9764}",https://api.core.ac.uk/data-providers/357/logo,REPOSITORY,,No,0,No error,0,No direct software search capability,
wrap.warwick.ac.uk/cgi/oai2,136,,Warwick Research Archives Portal Repository,yes,no,publications@warwick.ac.uk,,warwick,http://wrap.warwick.ac.uk,,eprints,eprints,rioxx,2011-05-22T16:37:17+01:00,"{'countryCode': 'gb', 'latitude': 52.3822, 'longitude': -1.5647}",https://api.core.ac.uk/data-providers/136/logo,REPOSITORY,,No,0,No error,0,No direct software search capability,
eprints.worc.ac.uk/cgi/oai2,133,1177,University of Worcester Research and Publications,no,no,r.fairman@worc.ac.uk,,worc,http://eprints.worc.ac.uk,,eprints,eprints,rioxx,2011-07-05T11:46:41+01:00,"{'countryCode': 'GB', 'latitude': 52.19739, 'longitude': -2.24308}",https://api.core.ac.uk/data-providers/133/logo,REPOSITORY,,No,0,No error,0,No direct software search capability,
writtle.repository.guildhe.ac.uk/cgi/oai2,15091,,Writtle University College Repository,no,no,,,writtle,https://writtle.repository.guildhe.ac.uk,,Eprints,eprints,oai_dc,2020-03-10T14:49:37+00:00,"{'countryCode': 'GB', 'latitude': 51.736605, 'longitude': 0.427964}",https://api.core.ac.uk/data-providers/15091/logo,REPOSITORY,,No,0,No error,0,Does not contain software,
ray.yorksj.ac.uk/cgi/oai2,683,,York St John University Institutional Repository,no,no,RaY@yorksj.ac.uk,,yorksj,https://ray.yorksj.ac.uk,,EPrints 3.4.1,eprints,rioxx,2011-05-27T23:19:36+01:00,"{'countryCode': 'GB', 'latitude': 53.9653, 'longitude': -1.0809}",https://api.core.ac.uk/data-providers/683/logo,REPOSITORY,,No,0,No error,0,No direct software search capability,
repository.royalholloway.ac.uk/p/oai,98,279,Royal Holloway Research Online,no,no,rhro@rhul.ac.uk,,royalholloway,https://repository.royalholloway.ac.uk,,equella,equella,oai_dc,2011-05-18T15:56:46+01:00,"{'countryCode': 'GB', 'latitude': 51.426, 'longitude': -0.5635}",https://api.core.ac.uk/data-providers/98/logo,REPOSITORY,,No,,,0,No direct software search capability,
openresearch.surrey.ac.uk/view/oai/44SUR_INST/request,15542,,University of Surrey,no,no,,,opensurrey,https://openresearch.surrey.ac.uk,,Ex Libris,exlibris,oai_dc,2020-12-14T10:41:42+00:00,"{'countryCode': 'GB', 'latitude': 51.2427832, 'longitude': -0.5878036}",https://api.core.ac.uk/data-providers/15542/logo,REPOSITORY,,,0,,0,No direct software search capability,
ora.ox.ac.uk/oai2,88,1064,Oxford University Research Archive,yes,yes,ora@bodleian.ox.ac.uk,,ox,https://ora.ox.ac.uk,,fedora,fedora,oai_dc,2011-07-01T16:54:00+01:00,"{'countryCode': 'GB', 'latitude': 51.7466, 'longitude': -1.2709}",https://api.core.ac.uk/data-providers/88/logo,REPOSITORY,,No,0,No error,0,No direct software search capability,
openresearch.lsbu.ac.uk/oai2,913,,LSBU Research Open,no,no,,,openlsbu,https://openresearch.lsbu.ac.uk/,,Haplo,haplo,rioxx,2016-05-26T17:06:59+01:00,"{'countryCode': 'GB', 'latitude': 51.5073509, 'longitude': -0.1277583}",https://api.core.ac.uk/data-providers/913/logo,REPOSITORY,,No,0,No error,0,Does not contain software,
repository.rothamsted.ac.uk/oai2,4813,,Rothamsted Repository,no,no,library@rothamsted.ac.uk,,rothamsted,https://repository.rothamsted.ac.uk,,Haplo,haplo,oai_dc,2019-01-03T19:42:05+00:00,"{'countryCode': 'GB', 'latitude': -0.354859, 'longitude': 51.809357}",https://api.core.ac.uk/data-providers/4813/logo,REPOSITORY,,No,0,OAI XML Syntax error,76,Contains software,
repository.uel.ac.uk/oai2,96,1488,UEL Research Repository at University of East London,no,no,repository@uel.ac.uk,,uel,https://repository.uel.ac.uk,,haplo,haplo,rioxx,2011-07-07T16:11:00+01:00,"{'countryCode': 'GB', 'latitude': 51.5075933, 'longitude': 0.0650805}",https://api.core.ac.uk/data-providers/96/logo,REPOSITORY,,No,0,OAI XML Syntax error,1,Contains software,
westminsterresearch.westminster.ac.uk/oai2,138,936,WestminsterResearch,no,no,repository@westminster.ac.uk,,westminster,https://westminsterresearch.westminster.ac.uk/,,haplo,haplo,rioxx,2011-07-05T10:19:45+01:00,"{'countryCode': 'GB', 'latitude': 51.521, 'longitude': -0.1403}",https://api.core.ac.uk/data-providers/138/logo,REPOSITORY,,No,0,OAI XML Syntax error,31,Contains software,Set Spec and SetName both == software
pure-oai.bham.ac.uk/ws/oai,4836,,University of Birmingham Research Portal,yes,yes,P.S.Herterich@bham.ac.uk,,bham,https://research.birmingham.ac.uk/portal/en/,,Pure,pure,oai_dc,2019-01-08T16:59:04+00:00,"{'countryCode': 'GB', 'latitude': 52.44899, 'longitude': -1.93085}",https://api.core.ac.uk/data-providers/4836/logo,REPOSITORY,,No,0,Bad Argument Error,65,Contains software,https://research.birmingham.ac.uk/en/publications/?format=&type=%2Fdk%2Fatira%2Fpure%2Fresearchoutput%2Fresearchoutputtypes%2Fnontextual%2Fsoftware&nofollow=true
research-information.bris.ac.uk/ws/oai,286,2642,Explore Bristol Research,yes,yes,open-access@bristol.ac.uk,,bris,https://research-information.bris.ac.uk,,Pure version 5.23.2-1,pure,oai_dc,2013-05-09T15:39:26+01:00,"{'countryCode': 'GB', 'latitude': 51.459668, 'longitude': -2.601643}",https://api.core.ac.uk/data-providers/286/logo,REPOSITORY,,No,0,Bad Argument Error,84,Contains software,https://research-information.bris.ac.uk/en/publications/?format=&type=%2Fdk%2Fatira%2Fpure%2Fresearchoutput%2Fresearchoutputtypes%2Fnontextual%2Fsoftware&nofollow=true
https://www.research.ed.ac.uk/en/publications/,647,,Edinburgh Research Explorer,yes,yes,scholcomms@ed.ac.uk,,ed,https://www.pure.ed.ac.uk,,Pure,pure,oai_dc,2015-01-20T19:48:34+00:00,"{'countryCode': 'GB', 'latitude': 55.953252, 'longitude': -3.188266}",https://api.core.ac.uk/data-providers/647/logo,REPOSITORY,,No,0,,66,Contains software,
kclpure.kcl.ac.uk/ws/oai,635,2761,King's Research Portal,yes,yes,openaccess@kcl.ac.uk,,kcl,https://kclpure.kcl.ac.uk,,pure,pure,oai_dc,2014-09-20T11:00:02+01:00,"{'countryCode': 'GB', 'latitude': 51.51073, 'longitude': -0.11691}",https://api.core.ac.uk/data-providers/635/logo,REPOSITORY,,No,0,Bad Argument Error,26,Contains software,https://kclpure.kcl.ac.uk/portal/en/publications/search.html?type=%2Fdk%2Fatira%2Fpure%2Fresearchoutput%2Fresearchoutputtypes%2Fnontextual%2Fsoftware
pure.manchester.ac.uk/ws/oai,234,3818,The University of Manchester - Institutional Repository,yes,yes,p.butler@manchester.ac.uk,,manchester,https://pure.manchester.ac.uk,,PURE,pure,oai_dc,2012-08-20T16:06:54+01:00,"{'countryCode': 'GB', 'latitude': 53.46794, 'longitude': -2.23322}",https://api.core.ac.uk/data-providers/234/logo,REPOSITORY,,No,0,Bad Argument Error,25,Contains software,Needs registration. Mirrored results on https://www.research.manchester.ac.uk/
pure.qub.ac.uk/ws/oai,289,,Queen's University Research Portal,yes,yes,openaccess@qub.ac.uk,,qub,http://pure.qub.ac.uk,,Pure,pure,oai_dc,2013-05-09T16:15:53+01:00,"{'countryCode': 'gb', 'latitude': 54, 'longitude': 5}",https://api.core.ac.uk/data-providers/289/logo,REPOSITORY,,No sets,0,BadVerbError,39,Contains software,Software type
risweb.st-andrews.ac.uk/ws/oai,2654,,University of St. Andrews - Pure,no,yes,open-access-support@st-andrews.ac.uk,,st-andrews,http://risweb.st-andrews.ac.uk,,Pure,pure,oai_dc,2015-01-27T18:44:25+00:00,"{'countryCode': 'GB', 'latitude': 56.341693, 'longitude': -2.792752}",https://api.core.ac.uk/data-providers/2654/logo,REPOSITORY,,No,0,BadVerbError,207,Contains software,https://risweb.st-andrews.ac.uk/portal/en/datasets/search.html?uri=&lastName=&search=&organisationName=&organisations=&type=%2Fdk%2Fatira%2Fpure%2Fdataset%2Fdatasettypes%2Fdataset%2Fsoftware&openAccessPermissionStatus=
rke.abertay.ac.uk/,2,1589,Abertay Research Portal,no,no,repository@abertay.ac.uk,,abertay,http://repository.abertay.ac.uk,,pure,pure,oai_dc,2011-05-09T22:12:10+01:00,"{'countryCode': 'GB', 'latitude': 56.4599, 'longitude': -2.9888}",https://api.core.ac.uk/data-providers/2/logo,REPOSITORY,,No,0,Bad Argument Error,5,Contains software,https://rke.abertay.ac.uk/en/publications/?format=&type=%2Fdk%2Fatira%2Fpure%2Fresearchoutput%2Fresearchoutputtypes%2Fnontextual%2Fsoftware&nofollow=true
cris.brighton.ac.uk/ws/oai,4837,,University of Brighton Research Portal,no,no,eprints@brighton.ac.uk,,brighton,https://research.brighton.ac.uk/,,Pure,pure,oai_dc,2019-01-10T14:15:29+00:00,"{'countryCode': 'GB', 'latitude': 50.842309, 'longitude': -0.119548}",https://api.core.ac.uk/data-providers/4837/logo,REPOSITORY,,No,0,Bad Argument Error,13,Contains software,Pure link https://research.brighton.ac.uk/en/publications/?format=&type=%2Fdk%2Fatira%2Fpure%2Fresearchoutput%2Fresearchoutputtypes%2Fnontextual%2Fsoftware&nofollow=true
pure.coventry.ac.uk/ws/oai,169,2171,CURVE/open,no,no,curve-research.lib@coventry.ac.uk,,coventry,https://pureportal.coventry.ac.uk/en/,,Pure,pure,oai_dc,2012-06-11T08:54:14+01:00,"{'countryCode': 'GB', 'latitude': 52.4058, 'longitude': -1.5127}",https://api.core.ac.uk/data-providers/169/logo,REPOSITORY,,No,0,Bad Argument Error,0,No direct software search capability,https://www.coventry.ac.uk/research/research-search  filters are missing
research.edgehill.ac.uk/ws/oai,166,2173,Edge Hill University Research Information Repository,no,no,REFcompliance@edgehill.ac.uk,,edgehill,https://repository.edgehill.ac.uk,,Pure,pure,oai_dc,2012-06-08T17:02:35+01:00,"{'countryCode': 'GB', 'latitude': 53.5599, 'longitude': -2.8734}",https://api.core.ac.uk/data-providers/166/logo,REPOSITORY,,No,0,Bad Argument Error,4,Contains software,
researchonline.gcu.ac.uk/ws/oai,172,2095,ResearchOnline@GCU,no,no,librarysystems@gcu.ac.uk,,gcu,http://researchonline.gcu.ac.uk,,Pure,pure,oai_dc,2012-06-11T08:53:35+01:00,"{'countryCode': 'GB', 'latitude': 55, 'longitude': -4}",https://api.core.ac.uk/data-providers/172/logo,REPOSITORY,,No,0,Bad Argument Error,1,Contains software,
pure.hud.ac.uk/ws/oai,14815,4745,Huddersfield Research Portal,no,no,,,hud,,,Pure,pure,oai_dc,2019-11-25T15:27:54+00:00,"{'countryCode': 'gb', 'latitude': None, 'longitude': None}",https://api.core.ac.uk/data-providers/14815/logo,REPOSITORY,,No,0,Bad Argument Error,13,Contains software,
pure.northampton.ac.uk/ws/oai,15125,9580,University of Northampton's Research Explorer,no,no,,,northampton,,,pure,pure,oai_dc,2020-04-06T00:23:00+01:00,"{'countryCode': 'gb', 'latitude': 52.2384, 'longitude': 8.531}",https://api.core.ac.uk/data-providers/15125/logo,REPOSITORY,,No,0,Bad Argument Error,1,Contains software,
researchportal.port.ac.uk/ws/oai,695,3461,Portsmouth University Research Portal (Pure),no,no,pure@port.ac.uk,,port,https://researchportal.port.ac.uk,,Pure,pure,oai_dc,2015-09-24T19:09:10+01:00,"{'countryCode': 'GB', 'latitude': 50.794854, 'longitude': -1.090908}",https://api.core.ac.uk/data-providers/695/logo,REPOSITORY,,,,,29,Contains software,
https://pure.roehampton.ac.uk/portal,97,886,Roehampton University Research Repository,no,no,a.pietsch@roehampton.ac.uk,,roehampton,http://roehampton.openrepository.com,,Pure,pure,oai_dc,2011-07-07T16:11:00+01:00,"{'countryCode': 'GB', 'latitude': 51.45719, 'longitude': -0.24292}",https://api.core.ac.uk/data-providers/97/logo,REPOSITORY,,No,0,Bad Argument Error,0,No direct software search capability,Needs registration
pure.royalholloway.ac.uk/ws/oai,661,,Royal Holloway - Pure,no,no,openaccess@royalholloway.ac.uk,,royalholloway,https://pure.royalholloway.ac.uk,,Pure,pure,oai_dc,2015-01-28T18:20:36+00:00,"{'countryCode': 'GB', 'latitude': 51.425673, 'longitude': -0.563062}",https://api.core.ac.uk/data-providers/661/logo,REPOSITORY,,No sets,0,URL error,6,Contains software,https://pure.royalholloway.ac.uk/portal/en/publications/search.html?search=&uri=&advanced=true&organisationName=&organisations=&type=%2Fdk%2Fatira%2Fpure%2Fresearchoutput%2Fresearchoutputtypes%2Fnontextual%2Fsoftware&language=+&publicationYearsFrom=&publicationYearsTo=&publicationcategory=&openAccessPermissionStatus=&peerreview=
pure.solent.ac.uk/,14910,9451,Solent University Research Portal,no,no,,,solent/,https://pure.solent.ac.uk/,,Pure,pure,oai_dc,2019-12-02T00:11:09+00:00,"{'countryCode': 'gb', 'latitude': 50.908, 'longitude': -1.401}",https://api.core.ac.uk/data-providers/14910/logo,REPOSITORY,,No,0,,0,No direct software search capability,No software in Pure!
pure.sruc.ac.uk/,11613,,SRUC - Scotland's Rural College,no,no,puresupport@sruc.ac.uk,,sruc,ttps://pure.sruc.ac.uk/,,Pure,pure,oai_dc,2019-09-19T13:34:06+01:00,"{'countryCode': 'GB', 'latitude': 55.4578372, 'longitude': -4.614684899999929}",https://api.core.ac.uk/data-providers/11613/logo,REPOSITORY,,No,0,,2,Contains software,URL WAS WRONG
research.tees.ac.uk/ws/oai,278,1816,Teeside University's Research Repository,no,no,researchportal@tees.ac.uk,,tees,http://tees.openrepository.com,,Pure,pure,oai_dc,2012-11-13T11:36:34+00:00,"{'countryCode': 'GB', 'latitude': 54.5737, 'longitude': -1.2387}",https://api.core.ac.uk/data-providers/278/logo,REPOSITORY,,No,0,Bad Argument Error,4,Contains software,
pure.ulster.ac.uk/ws/oai,3274,1962,Ulster University's Research Portal,no,no,,,ulster,http://uir.ulster.ac.uk,,Pure,pure,oai_dc,2017-08-31T15:54:56+01:00,"{'countryCode': 'gb', 'latitude': 53.385, 'longitude': -6.5936}",https://api.core.ac.uk/data-providers/3274/logo,REPOSITORY,,No,0,Bad Argument Error,10,Contains software,
https://winchester.elsevierpure.com/,694,3794,Winchester Research Repository,no,no,repository@winchester.ac.uk,,winchester,http://repository.winchester.ac.uk,,Pure,pure,oai_dc,2015-09-11T19:19:05+01:00,"{'countryCode': 'GB', 'latitude': 51.059771, 'longitude': -1.310142}",https://api.core.ac.uk/data-providers/694/logo,REPOSITORY,,No,0,Bad Argument Error,0,Does not contain software,No software in Pure!
,,,The York Research Database,yes,no,,,york,http://pure.york.ac.uk,,pure,pure,,,,,REPOSITORY,,,,,53,Contains software,"Manually added- not in core? NOTE: Whiterose covers this, but doesn’t have software.  This is Yorkshire’s own Pure implementation and contains software."
epubs.stfc.ac.uk/repub/oai,106,57,ePubs: the open archive for STFC research publications,no,yes,alastair.duncan@stfc.ac.uk,,stfc/repub,https://epubs.stfc.ac.uk,,OAICat,OAICat,oai_dc,2011-07-07T16:11:06+01:00,"{'countryCode': 'GB', 'latitude': 51.5668, 'longitude': -1.786}",https://api.core.ac.uk/data-providers/106/logo,REPOSITORY,,No,45000,404 error,0,No direct software search capability,
orda.shef.ac.uk/,14955,9469,Online Research Data,no,yes,,,shef,,,Figshare,Figshare,oai_dc,2020-01-06T00:03:16+00:00,"{'countryCode': 'gb', 'latitude': 53.3836, 'longitude': -1.4879}",https://api.core.ac.uk/data-providers/14955/logo,REPOSITORY,,,,,2,Contains software,"Sheffield research data, not a standard repo but contains software"
radar.brookes.ac.uk/radar/oai,93,1680,Oxford Brookes University: RADAR,no,no,radar@brookes.ac.uk,,brookes,https://radar.brookes.ac.uk,,OAICat,OAICat,oai_dc,2011-07-07T16:11:00+01:00,"{'countryCode': 'GB', 'latitude': 51.793, 'longitude': -1.2115}",https://api.core.ac.uk/data-providers/93/logo,REPOSITORY,,No,0,No error,0,No direct software search capability,
nottingham-repository.worktribe.com/oaiprovider,4787,,Repository@Nottingham,yes,yes,Jonathan.Green@nottingham.ac.uk,,nottingham,https://nottingham-repository.worktribe.com/,,worktribe,worktribe,rioxx,2018-10-10T12:22:57+01:00,"{'countryCode': 'GB', 'latitude': 52.940311, 'longitude': -1.190695}",https://api.core.ac.uk/data-providers/4787/logo,REPOSITORY,,No,0,404 error,0,No direct software search capability,
hull-repository.worktribe.com/oaiprovider,4657,,Repository@Hull - CRIS,no,no,C.Awre@hull.ac.uk,,hull-,https://hull-repository.worktribe.com/,,Worktribe,worktribe,oai_dc,2018-02-21T11:56:57+00:00,"{'countryCode': 'GB', 'latitude': 53.7730979, 'longitude': -0.3669859000000315}",https://api.core.ac.uk/data-providers/4657/logo,REPOSITORY,,No,0,404 error,0,No direct software search capability,
napier-surface.worktribe.com/oaiprovider,92,1334,Repository@Napier,no,no,repository@napier.ac.uk,,napier,https://napier-surface.worktribe.com,,worktribe,worktribe,rioxx,2011-07-07T16:11:00+01:00,"{'countryCode': 'GB', 'latitude': 55.9335, 'longitude': -3.2125}",https://api.core.ac.uk/data-providers/92/logo,REPOSITORY,,No sets,0,BadVerbError,0,No direct software search capability,No software search item
napier-repository.worktribe.com,,,,no,no,,,napier,,,worktribe,worktribe,,,,,,,No,,,0,No direct software search capability,
rgu-repository.worktribe.com/oaiprovider,84,,Open Access Institutional Repository at Robert Gordon University,no,no,,,rgu-,rgu-repository.worktribe.com,,worktribe,worktribe,oai_dc,2011-05-27T19:18:11+01:00,"{'countryCode': 'GB', 'latitude': 57.1333, 'longitude': -2.1}",https://api.core.ac.uk/data-providers/84/logo,REPOSITORY,,No,0,404 error,0,No direct software search capability,
uwe-repository.worktribe.com/oaiprovider,134,1749,UWE Bristol Research Repository,no,no,eprints@uwe.ac.uk,,uwe-,https://uwe-repository.worktribe.com/,,worktribe,worktribe,rioxx,2011-07-07T16:15:36+01:00,"{'countryCode': 'GB', 'latitude': 51.500207, 'longitude': -2.54749}",https://api.core.ac.uk/data-providers/134/logo,REPOSITORY,,No,0,No error,0,No direct software search capability,
